{
  "ret_code": "0",
  "ret_msg": "",
  "ret_err": "",
  "proArr": [
    [
      0.043478260869565216,
      0.043478260869565216,
      0.13043478260869565,
      0.21739130434782608
    ],
    [
      0.08695652173913043,
      0.043478260869565216,
      0.08695652173913043,
      0.21739130434782608
    ],
    [
      0.08695652173913043,
      0.043478260869565216,
      0.17391304347826086,
      0.30434782608695654
    ],
    [
      0.13043478260869565,
      0.043478260869565216,
      0.08695652173913043,
      0.2608695652173913
    ],
    [
      0.34782608695652173,
      0.17391304347826086,
      0.47826086956521735,
      1
    ]
  ],
  "z": [
    [
      -0.11686678309317923,
      0.029166104054345075,
      0.08207650499552513
    ],
    [
      0.04124709991523972,
      0.029166104054345075,
      -0.05276346749712328
    ],
    [
      -0.05810026998096183,
      -0.041083094892307305,
      0.07432211508237256
    ],
    [
      0.13178647448893635,
      -0.008874962836170923,
      -0.10703607911246321
    ]
  ],
  "zt": [
    [
      -0.11686678309317923,
      0.04124709991523972,
      -0.05810026998096183,
      0.13178647448893635
    ],
    [
      0.029166104054345075,
      0.029166104054345075,
      -0.041083094892307305,
      -0.008874962836170923
    ],
    [
      0.08207650499552513,
      -0.05276346749712328,
      0.07432211508237256,
      -0.10703607911246321
    ]
  ],
  "sr": [
    [
      0.036102484472049695,
      -0.0009881927066271608,
      -0.030192399583278993
    ],
    [
      -0.0009881927066271608,
      0.00346790890269151,
      -0.001248494180446227
    ],
    [
      -0.030192399583278993,
      -0.001248494180446227,
      0.02650103519668736
    ]
  ],
  "sq": [
    [
      0.021245059288537548,
      -0.008300395256916995,
      0.011691857278852996,
      -0.024445456700247038
    ],
    [
      -0.008300395256916995,
      0.005335968379446637,
      -0.007516193964976924,
      0.010824556472434112
    ],
    [
      0.011691857278852996,
      -0.007516193964976924,
      0.010587238848108412,
      -0.015247366597044655
    ],
    [
      -0.024445456700247038,
      0.010824556472434112,
      -0.015247366597044655,
      0.028903162055335968
    ]
  ],
  "sqPcaDTO": {
    "sortEigenvalues": [
      0.061873504745926164,
      0.004197923825502407,
      -4.958846470524878e-19,
      -1.382150140470071e-18
    ],
    "eigenvectors": [
      [
        -0.5714506041410954,
        0.26395586871663274,
        -0.37180570917737327,
        0.6822990700711348
      ],
      [
        0.49771434512742146,
        0.49415179350299,
        -0.6960574846012991,
        -0.15361775210786402
      ],
      [
        -0.6219035235736733,
        0.3856106788840164,
        -0.020582044049044502,
        -0.6812611769064935
      ],
      [
        0.19738451065828058,
        0.7331068876217396,
        0.6138736614454038,
        0.21622389797931832
      ]
    ],
    "eigTotalInit": [
      0.061873504745926164,
      0.004197923825502407,
      -4.958846470524878e-19,
      -1.382150140470071e-18
    ],
    "eigTotalExtra": [
      0.061873504745926164,
      0.004197923825502407,
      -4.958846470524878e-19
    ],
    "varEigInit": [
      93.64638556140176,
      6.353614438598237,
      -7.505281144578193e-16,
      -2.091902915306053e-15
    ],
    "accEigInit": [
      93.64638556140176,
      100,
      100,
      100
    ],
    "varEigExtra": [
      93.64638556140176,
      6.353614438598237,
      -7.505281144578193e-16
    ],
    "accEigExtra": [
      93.64638556140176,
      100,
      100
    ],
    "componentArr": [
      [
        -0.14214482546451837,
        0.03224760273569441,
        "NaN"
      ],
      [
        0.06565739998727366,
        0.0320167800747951,
        "NaN"
      ],
      [
        -0.09248438492276066,
        -0.04509852983820047,
        "NaN"
      ],
      [
        0.16971770005499592,
        -0.009953107222289408,
        "NaN"
      ]
    ],
    "correlationArr": null,
    "determinant": 0,
    "kmo": 0,
    "kmoDesc": null,
    "communalityArr": null,
    "orRotaArr": null,
    "orFacArr": null
  },
  "srPcaDTO": {
    "sortEigenvalues": [
      0.06187350474592617,
      0.0041979238255024105,
      -7.806255641895632e-18
    ],
    "eigenvectors": [
      [
        -0.7605848593469628,
        -0.0010095802904356154,
        0.6492377472696715
      ],
      [
        0.27144904637084116,
        -0.9088926984355058,
        0.3165903946031599
      ],
      [
        0.5897678246195884,
        0.4170288281141492,
        0.6915640748081243
      ]
    ],
    "eigTotalInit": [
      0.06187350474592617,
      0.0041979238255024105,
      -7.806255641895632e-18
    ],
    "eigTotalExtra": [
      0.06187350474592617,
      0.0041979238255024105,
      -7.806255641895632e-18
    ],
    "varEigInit": [
      93.64638556140177,
      6.3536144385982425,
      -1.1814873403950146e-14
    ],
    "accEigInit": [
      93.64638556140177,
      100.00000000000001,
      100
    ],
    "varEigExtra": [
      93.64638556140177,
      6.3536144385982425,
      -1.1814873403950146e-14
    ],
    "accEigExtra": [
      93.64638556140177,
      100.00000000000001,
      100
    ],
    "componentArr": [
      [
        -0.18919080896821547,
        0.017587560206063474,
        "NaN"
      ],
      [
        -0.00025112689204709543,
        -0.058888418538585334,
        "NaN"
      ],
      [
        0.16149389921344542,
        0.0205123307677333,
        "NaN"
      ]
    ],
    "correlationArr": null,
    "determinant": 0,
    "kmo": 0,
    "kmoDesc": null,
    "communalityArr": null,
    "orRotaArr": null,
    "orFacArr": null
  }
}